,Unnamed: 0,station_name,station_lon,station_lat,line,city,type,zipcode
0,0,W 4th St - Washington Sq (Lower),-74.00030815,40.73225483,B-D-F-M,ny,subway,10011
1,1,Buhre Ave,-73.83256899999998,40.84681033,6-6 Express,ny,subway,10461
2,2,51st St,-73.97192,40.75710733,4-6-6 Express,ny,subway,10022
3,3,86th St,-73.976218,40.78864433,1ÔÂ2ÈÕ,ny,subway,10024
4,4,Brooklyn Bridge - City Hall,-74.004131,40.71306533,4-5-6-6 Express,ny,subway,10007
5,5,33rd St,-73.982076,40.74608133,4-6-6 Express,ny,subway,10016
6,6,Lexington Ave - 59th St,-73.967967,40.76252633,4-5-6-6 Express,ny,subway,10022
7,7,233rd St,-73.85736239,40.89314358,2ÔÂ5ÈÕ,ny,subway,10466
8,8,66th St - Lincoln Ctr,-73.982209,40.77344033,1ÔÂ2ÈÕ,ny,subway,10023
9,9,Hunts Point Ave,-73.890549,40.82094833,6-6 Express,ny,subway,10474
10,10,Canal St,-74.006277,40.72285433,1ÔÂ2ÈÕ,ny,subway,10013
11,11,Middletown Rd,-73.836322,40.84386333,6-6 Express,ny,subway,10461
12,12,23rd St,-73.986599,40.73986433,4-6-6 Express,ny,subway,10010
13,13,45th Rd - Court House Sq,-73.945264,40.74702333,7-7 Express,ny,subway,11101
14,14,Astor Pl,-73.99107,40.73005433,4-6-6 Express,ny,subway,10003
15,15,59th St - Columbus Circle,-73.98192900000002,40.76824733,1ÔÂ2ÈÕ,ny,subway,10019
16,16,Hunters Point Ave,-73.948916,40.74221633,7-7 Express,ny,subway,11101
17,17,96th St,-73.95107,40.78567233,4-6-6 Express,ny,subway,10128
18,18,Mets - Willets Point,-73.845625,40.75462233,7-7 Express,ny,subway,11368
19,19,23rd St,-73.995657,40.74408133,1ÔÂ2ÈÕ,ny,subway,10011
20,20,Houston St,-74.005367,40.72825133,1ÔÂ2ÈÕ,ny,subway,10014
21,21,3rd Ave - 138th St,-73.926138,40.81047633,6-6 Express,ny,subway,10454
22,22,Zerega Ave,-73.847036,40.83648833,6-6 Express,ny,subway,10462
23,23,104th St,-73.837683,40.68171133,A-S,ny,subway,11417
24,24,Bleecker St (Downtown),-73.99467468,40.72593124,4-6-6 Express,ny,subway,10012
25,25,Castle Hill Ave,-73.85122199999998,40.83425533,6-6 Express,ny,subway,10462
26,26,Broad Channel,-73.81583269,40.60840251,A-S,ny,subway,11693
27,27,Ocean Pkwy,-73.968501,40.576312,Q,ny,subway,11235
28,28,50th St,-73.98384899999998,40.76172833,1ÔÂ2ÈÕ,ny,subway,10019
29,29,Vernon Blvd - Jackson Ave,-73.953581,40.74262633,7-7 Express,ny,subway,11101
30,30,68th St - Hunter College,-73.96387,40.76814133,4-6-6 Express,ny,subway,10065
31,31,Queensboro Plz,-73.94016353,40.75063598,7-7 Express-N-W,ny,subway,11101
32,32,Rockaway Blvd,-73.843853,40.68042933,A-S,ny,subway,11422
33,33,Union Sq - 14th St,-73.989951,40.73467333,4-5-6-6 Express,ny,subway,10003
34,34,Junction Blvd,-73.869527,40.74914533,7-7 Express,ny,subway,11372
35,35,Classon Ave,-73.95999,40.68888933,G,ny,subway,11238
36,36,Bedford - Nostrand Aves,-73.95352199999998,40.68962733,G,ny,subway,11205
37,37,15th St - Prospect Park,-73.97973581,40.66003602,F-G,ny,subway,11215
38,38,7th Ave,-73.98025118,40.66624502,F-G,ny,subway,11215
39,39,Ft Hamilton Pkwy,-73.975776,40.650782,F-G,ny,subway,11218
40,40,Church Ave,-73.97972116,40.64427233,F-G,ny,subway,11218
41,41,Beverly Rd,-73.9643578,40.64390493,B-Q,ny,subway,11226
42,42,Church Ave,-73.96288246,40.65049358,B-Q,ny,subway,11226
43,43,Newkirk Ave,-73.96269487,40.63514227,B-Q,ny,subway,11226
44,44,Parkside Ave,-73.96145344,40.65507337,B-Q,ny,subway,11226
45,45,Prospect Park,-73.96203129999998,40.66163379,B-Q-S,ny,subway,11225
46,46,Grand Army Plaza,-73.97095633,40.67529503,2002/3/4,ny,subway,11238
47,47,Bergen St,-73.97499915,40.68086247,2002/3/4,ny,subway,11217
48,48,Atlantic Ave,-73.97754994,40.6844205,2-3-4-5,ny,subway,11217
49,49,Rockaway Ave,-73.911946,40.67834033,A-C,ny,subway,11233
50,50,Fulton St,-73.975375,40.68711933,G,ny,subway,11217
51,51,Clinton - Washington Aves,-73.966796,40.68809433,G,ny,subway,11238
52,52,7th Ave,-73.97285279,40.67710251,B-Q,ny,subway,11238
53,53,Atlantic Ave,-73.97678344,40.68448866,B-Q,ny,subway,11217
54,54,Union St,-73.98311,40.677316,D-N-R,ny,subway,11215
55,55,Atlantic Av - Pacific St,-73.97881,40.683666,D-N-R,ny,subway,11217
56,56,Borough Hall,-73.990151,40.69240433,4ÔÂ5ÈÕ,ny,subway,11201
57,57,Aqueduct Racetrack (To Manh Only),-73.83591899999998,40.67209733,A,ny,subway,11420
58,58,DeKalb Ave,-73.981824,40.690635,B-D-N-Q-R,ny,subway,11201
59,59,Morris Park,-73.860495,40.85436433,5,ny,subway,10462
60,60,Pelham Pkwy,-73.85535899999998,40.85898533,5,ny,subway,10469
61,61,Nostrand Ave,-73.95042600000002,40.68043833,A-C,ny,subway,11216
62,62,Nevins St,-73.9804068,40.68831091,2-3-4-5,ny,subway,11201
63,63,Eastern Pkwy - Bklyn Museum,-73.96422204,40.67203257,2002/3/4,ny,subway,11238
64,64,Franklin Ave,-73.95809974,40.67076549,2-3-4-5,ny,subway,11225
65,65,Beverly Rd,-73.94884798,40.64512385,2ÔÂ5ÈÕ,ny,subway,11226
66,66,Church Ave,-73.94945514,40.65086102,2ÔÂ5ÈÕ,ny,subway,11226
67,67,Newkirk Ave,-73.94829991,40.63999158,2ÔÂ5ÈÕ,ny,subway,11226
68,68,Brooklyn College - Flatbush Ave,-73.94754121,40.63284274,2ÔÂ5ÈÕ,ny,subway,11210
69,69,Winthrop St,-73.95007935,40.65665965,2ÔÂ5ÈÕ,ny,subway,11225
70,70,Sterling St,-73.95072891,40.66277333,2ÔÂ5ÈÕ,ny,subway,11225
71,71,Crown Hts - Utica Ave,-73.93293256,40.66897864,3ÔÂ4ÈÕ,ny,subway,11213
72,72,Kingston Ave,-73.94215978,40.66948178,3ÔÂ4ÈÕ,ny,subway,11213
73,73,Kingston - Throop Aves,-73.940859,40.67991933,A-C,ny,subway,11216
74,74,Nassau Ave,-73.951183,40.72448033,G,ny,subway,11222
75,75,Greenpoint Ave,-73.954425,40.73126733,G,ny,subway,11222
76,76,Marcy Ave,-73.957832,40.70838333,J-M-Z,ny,subway,11211
77,77,Hewes St,-73.95348800000002,40.70689033,J-M,ny,subway,11211
78,78,Essex St,-73.9874094,40.71830639,J-M-Z,ny,subway,10002
79,79,138th St - Grand Concourse,-73.929849,40.81322433,4ÔÂ5ÈÕ,ny,subway,10451
80,80,5th Ave - 53rd St,-73.97524849999998,40.76008717,E-M,ny,subway,10022
81,81,Lexington Ave - 53rd St,-73.96907237,40.75746864,E-M,ny,subway,10022
82,82,28th St,-73.988698,40.74545433,N-R,ny,subway,10001
83,83,Herald Sq - 34th St,-73.98793683,40.74964489,N-Q-R,ny,subway,10001
84,84,1st Ave,-73.98168088,40.73097531,L,ny,subway,10009
85,85,Grand Central - 42nd St,-73.979189,40.752769,S,ny,subway,10017
86,86,Times Sq - 42nd St,-73.98622900000002,40.75598333,S,ny,subway,10036
87,87,42nd St - Bryant Pk,-73.98459100000002,40.75418433,B-D-F-M,ny,subway,10036
88,88,Times Sq - 42nd St,-73.98676800000001,40.75461233,N-Q-R,ny,subway,10036
89,89,Metropolitan Ave,-73.951424,40.71277433,G,ny,subway,11211
90,90,Grand St,-73.940497,40.71157633,L,ny,subway,11206
91,91,Graham Ave,-73.94394399999999,40.71457633,L,ny,subway,11211
92,92,Lorimer St,-73.950248,40.71407233,L,ny,subway,11211
93,93,Bedford Ave,-73.956665,40.71717433,L,ny,subway,11211
94,94,Broadway,-73.95031226,40.70612691,G,ny,subway,11211
95,95,Lorimer St,-73.947355,40.70384433,J-M,ny,subway,11206
96,96,Montrose Ave,-73.93979285,40.7073914,L,ny,subway,11206
97,97,23rd St - Ely Av,-73.9460547,40.74776845,E-M,ny,subway,11101
98,98,Long Island City - Court Sq,-73.9438156,40.74630537,G,ny,subway,11101
99,99,21st St,-73.9496,40.744129,G,ny,subway,11101
100,100,39th Ave,-73.93285138,40.75276339,N-Q,ny,subway,11101
101,101,36th Ave,-73.929862,40.75644233,N-Q,ny,subway,11106
102,102,145th St,-73.95036,40.82655133,1,ny,subway,10031
103,103,157th St,-73.94489,40.83404133,1,ny,subway,10032
104,104,96th St,-73.972323,40.79391933,2001/2/3,ny,subway,10025
105,105,103rd St,-73.968379,40.79944633,1,ny,subway,10025
106,106,Central Park North (110th St),-73.95182199999998,40.79907533,2ÔÂ3ÈÕ,ny,subway,10026
107,107,103rd St,-73.96137008,40.79606107,A-B-C,ny,subway,10025
108,108,Cathedral Pkwy (110th St),-73.95806671,40.80058189,A-B-C,ny,subway,10036
109,109,72nd St,-73.98196999999998,40.77845333,2001/2/3,ny,subway,10023
110,110,72nd St,-73.97633658,40.77551973,A-B-C,ny,subway,10023
111,111,81st St,-73.97209795,40.78134642,A-B-C,ny,subway,10024
112,112,75th Ave,-73.83692369,40.71804499,E-F,ny,subway,11109
113,113,Kew Gardens - Union Tpke,-73.83037027,40.71403515,E-F,ny,subway,11415
114,114,86th St,-73.96882849,40.78582338,A-B-C,ny,subway,10024
115,115,96th St,-73.96460246,40.79161913,A-B-C,ny,subway,10025
116,116,Cathedral Pkwy (110th St),-73.966847,40.80396733,1,ny,subway,10025
117,117,116th St - Columbia University,-73.96410999999998,40.80772233,1,ny,subway,10027
118,118,125th St,-73.945495,40.80775433,2ÔÂ3ÈÕ,ny,subway,10027
119,119,135th St,-73.94077,40.81422933,2ÔÂ3ÈÕ,ny,subway,10030
120,120,149th St - Grand Concourse,-73.92738475,40.81830378,4,ny,subway,10451
121,121,116th St,-73.949625,40.80209833,2ÔÂ3ÈÕ,ny,subway,10026
122,122,Tremont Ave,-73.905227,40.85041033,B-D,ny,subway,10453
123,123,182nd-183rd Sts,-73.900741,40.85609333,B-D,ny,subway,10457
124,124,137th St - City College,-73.953676,40.82200833,1,ny,subway,10031
125,125,145th St,-73.936245,40.82042133,3,ny,subway,10039
126,126,176th St,-73.911794,40.84848033,4,ny,subway,10453
127,127,Burnside Ave,-73.907684,40.85345333,4,ny,subway,10453
128,128,170th St,-73.9134,40.83930633,B-D,ny,subway,10452
129,129,174th-175th Sts,-73.910136,40.84590033,B-D,ny,subway,10457
130,130,168th St,-73.94013299999997,40.84055633,1,ny,subway,10032
131,131,181st St,-73.933596,40.84950533,1,ny,subway,10033
132,132,168th St,-73.939561,40.84071933,A-C,ny,subway,10032
133,133,191st St,-73.929412,40.85522534,1,ny,subway,10040
134,134,175th St,-73.939704,40.84739133,A,ny,subway,10033
135,135,Beach 44th St,-73.776013,40.59294333,A,ny,subway,11691
136,136,Beach 60th St,-73.788522,40.59237433,A,ny,subway,11692
137,137,Beach 105th St,-73.82758075,40.58326877,A-S,ny,subway,11694
138,138,Beach 98th St,-73.82052059,40.58538602,A-S,ny,subway,11694
139,139,Rockaway Park - Beach 116 St,-73.83559009,40.5809562,A-S,ny,subway,11694
140,140,Beach 90th St,-73.81365140000003,40.5880919,A-S,ny,subway,11693
141,141,Beach 36th St,-73.768175,40.59539833,A,ny,subway,11691
142,142,Beach 25th St,-73.761353,40.60006633,A,ny,subway,11691
143,143,Parsons Blvd,-73.803289,40.70757233,F,ny,subway,11432
144,144,169th St,-73.7934742,40.71051784,F,ny,subway,11432
145,145,103rd St - Corona Plaza,-73.8627,40.74986533,7,ny,subway,11368
146,146,111th St,-73.855334,40.75173033,7,ny,subway,11368
147,147,63rd Dr - Rego Park,-73.86161820000002,40.72976431,E-M-R,ny,subway,11374
148,148,Grant Ave,-73.86505,40.67704433,A-S,ny,subway,11208
149,149,79th St,-73.979917,40.78393433,1ÔÂ2ÈÕ,ny,subway,10024
150,150,Atlantic Ave,-73.903097,40.675345,L,ny,subway,11207
151,151,Christopher St - Sheridan Sq,-74.00290600000002,40.73342233,1ÔÂ2ÈÕ,ny,subway,10014
152,152,E 149th St,-73.904098,40.81211833,6,ny,subway,10455
153,153,Ozone Park - Lefferts Blvd,-73.82579799999998,40.68595133,A-S,ny,subway,11419
154,154,Times Sq - 42nd St,-73.987691,40.75547733,7-7 Express,ny,subway,10036
155,155,77th St,-73.959874,40.77362033,4-6-6 Express,ny,subway,10075
156,156,Woodside - 61st St,-73.902984,40.74563033,7-7 Express,ny,subway,11377
157,157,111th St,-73.832163,40.68433133,A-S,ny,subway,11419
158,158,Flushing - Main St,-73.83003000000002,40.75960033,7-7 Express,ny,subway,11354
159,159,W 8th St - NY Aquarium,-73.97595787,40.57603415,F-Q,ny,subway,11224
160,160,28th St,-73.993365,40.74721533,1ÔÂ2ÈÕ,ny,subway,10001
161,161,28th St,-73.984264,40.74307033,4-6-6 Express,ny,subway,10016
162,162,Pelham Bay Park,-73.828121,40.85246233,6-6 Express,ny,subway,10461
163,163,Westchester Sq - E Tremont Ave,-73.842952,40.83989233,6-6 Express,ny,subway,10461
164,164,18th St,-73.99787099999998,40.74104033,1ÔÂ2ÈÕ,ny,subway,10011
165,165,Grand Central - 42nd St,-73.97671329999999,40.75180776,4-5-6-6 Express,ny,subway,10017
166,166,Grand Central - 42nd St,-73.97604100000002,40.75143133,7-7 Express,ny,subway,10174
167,167,Canal St,-74.00019300000002,40.71880333,4-6-6 Express,ny,subway,10013
168,168,Beach 67th St,-73.796924,40.59092733,A,ny,subway,11692
169,169,W 4th St - Washington Sq (Upper),-74.000495,40.73233833,A-C-E,ny,subway,10011
170,170,67th Ave,-73.85286048,40.72650581,E-M-R,ny,subway,11375
171,171,85th St - Forest Pky,-73.860087,40.69242733,J,ny,subway,11421
172,172,Woodhaven Blvd,-73.852052,40.69370433,J-Z,ny,subway,11421
173,173,111th St,-73.83679338,40.69711514,J,ny,subway,11418
174,174,121st St,-73.828349,40.70048233,J-Z,ny,subway,11418
175,175,Sutphin Blvd - Archer Av,-73.80800472,40.70038276,E-J-Z,ny,subway,11435
176,176,Halsey St,-73.90393399999998,40.69551833,L,ny,subway,11385
177,177,Myrtle Ave,-73.91097572,40.6994714,L,ny,subway,11385
178,178,New Lots Ave,-73.88411071,40.66631527,3ÔÂ4ÈÕ,ny,subway,11207
179,179,Van Siclen Ave,-73.88940492,40.6655183,3ÔÂ4ÈÕ,ny,subway,11207
180,180,Pennsylvania Ave,-73.89488591,40.66471478,3ÔÂ4ÈÕ,ny,subway,11207
181,181,Van Siclen Ave,-73.89035799999998,40.67271033,A-C,ny,subway,11207
182,182,Van Siclen Ave,-73.89165773,40.67802855,J-Z,ny,subway,11207
183,183,Cleveland St,-73.885194,40.67977833,J,ny,subway,11208
184,184,Livonia Ave,-73.90056237,40.6640576,L,ny,subway,11212
185,185,Sutter Ave,-73.901916,40.66914533,L,ny,subway,11207
186,186,Junius St,-73.90244864,40.66358933,3ÔÂ4ÈÕ,ny,subway,11212
187,187,Rockaway Ave,-73.90895834,40.66261782,3ÔÂ4ÈÕ,ny,subway,11224
188,188,Canarsie - Rockaway Pkwy,-73.90185,40.646654,L,ny,subway,11236
189,189,E 105th St,-73.89954769,40.65046912,L,ny,subway,11236
190,190,Saratoga Ave,-73.91633025,40.66153012,3ÔÂ4ÈÕ,ny,subway,11212
191,191,Sutter Ave - Rutland Road,-73.92252119,40.66476712,3ÔÂ4ÈÕ,ny,subway,11236
192,192,New Lots Ave,-73.89927796,40.65891511,L,ny,subway,11212
193,193,Far Rockaway - Mott Ave,-73.75540500000002,40.60399533,A,ny,subway,11691
194,194,Chauncey St,-73.91038357,40.68285163,J-Z,ny,subway,11207
195,195,Broadway Junction,-73.90429,40.67936633,J-Z,ny,subway,11207
196,196,Halsey St,-73.91663888,40.6864156,J,ny,subway,11221
197,197,Alabama Ave,-73.898526,40.67699833,J,ny,subway,11207
198,198,Shepherd Ave,-73.88075,40.67413033,A-C,ny,subway,11208
199,199,Norwood Ave,-73.879626,40.68152033,J-Z,ny,subway,11208
200,200,Crescent St,-73.87392925,40.68315299,J-Z,ny,subway,11208
201,201,Cypress Hills,-73.873322,40.68961633,J,ny,subway,11208
202,202,75th St - Eldert Ln,-73.867288,40.69129033,J-Z,ny,subway,11421
203,203,69th St,-73.896403,40.74632533,7,ny,subway,11377
204,204,74th St - Broadway,-73.89120513,40.74686791,7,ny,subway,11372
205,205,65th St,-73.89878838,40.74971986,E-M-R,ny,subway,11377
206,206,Woodhaven Blvd - Queens Mall,-73.86943208,40.73309771,E-M-R,ny,subway,11373
207,207,Wyckoff Ave,-73.91217900000002,40.69945433,M,ny,subway,11237
208,208,Seneca Ave,-73.90758199999998,40.70291933,M,ny,subway,11385
209,209,DeKalb Ave,-73.91823199999997,40.70369333,L,ny,subway,11237
210,210,52nd St,-73.912549,40.74414933,7,ny,subway,11377
211,211,46th St,-73.91352175,40.75631729,E-M-R,ny,subway,11103
212,212,Northern Blvd,-73.90606508,40.75282516,E-M-R,ny,subway,11377
213,213,46th St,-73.918435,40.74313233,7,ny,subway,11104
214,214,82nd St - Jackson Hts,-73.883697,40.74765933,7,ny,subway,11373
215,215,90th St - Elmhurst Av,-73.876613,40.74840833,7,ny,subway,11421
216,216,Grand Ave - Newtown,-73.87722086,40.73681375,E-M-R,ny,subway,11373
217,217,Elmhurst Ave,-73.88203475,40.74237041,E-M-R,ny,subway,11373
218,218,Howard Beach - JFK Airport,-73.830301,40.66047633,A,ny,subway,11414
219,219,Aqueduct - North Conduit Av,-73.834058,40.66823433,A,ny,subway,11417
220,220,104th-102nd Sts,-73.844435,40.69516633,J-Z,ny,subway,11418
221,221,Briarwood - Van Wyck Blvd,-73.82069264,40.70916215,E-F,ny,subway,11435
222,222,Forest Hills - 71st Av,-73.84451672,40.72159464,E-F-M-R,ny,subway,11375
223,223,Sutphin Blvd,-73.810833,40.70541833,F,ny,subway,11435
224,224,Jamaica - Van Wyck,-73.81701287,40.70289889,E,ny,subway,11418
225,225,Jamaica Ctr - Parsons / Archer,-73.80109632,40.70206771,E-J-Z,ny,subway,14723
226,226,Simpson St,-73.89306639,40.82397717,2ÔÂ5ÈÕ,ny,subway,10459
227,227,Freeman St,-73.89175225,40.82998778,2ÔÂ5ÈÕ,ny,subway,10459
228,228,225th St,-73.86021462,40.88802859,2ÔÂ5ÈÕ,ny,subway,10466
229,229,Elder Ave,-73.879159,40.82858433,6,ny,subway,10472
230,230,Morrison Av - Soundview,-73.874516,40.82952134,6,ny,subway,10472
231,231,Longwood Ave,-73.896435,40.81610433,6,ny,subway,10455
232,232,Astoria Blvd,-73.918095,40.77003733,N-Q,ny,subway,11102
233,233,Astoria - Ditmars Blvd,-73.91203399999998,40.775036,N-Q,ny,subway,11105
234,234,Jackson Ave,-73.90770194,40.8164378,2ÔÂ5ÈÕ,ny,subway,10455
235,235,Prospect Ave,-73.90177779,40.8194876,2ÔÂ5ÈÕ,ny,subway,10455
236,236,Cypress Ave,-73.91404200000002,40.80536833,6,ny,subway,10454
237,237,Whitlock Ave,-73.88628299999998,40.82652533,6,ny,subway,10459
238,238,Intervale Ave,-73.89661738,40.82214246,2ÔÂ5ÈÕ,ny,subway,10459
239,239,174th St,-73.8876936,40.83719588,2ÔÂ5ÈÕ,ny,subway,10460
240,240,Pelham Pkwy,-73.86748068,40.85719274,2ÔÂ5ÈÕ,ny,subway,10462
241,241,Allerton Ave,-73.86723423,40.86548371,2ÔÂ5ÈÕ,ny,subway,10467
242,242,E 143rd St - St Mary's St,-73.907657,40.80871933,6,ny,subway,10455
243,243,Kingsbridge Rd,-73.89717399999998,40.86776033,4,ny,subway,10468
244,244,Bedford Park Blvd - Lehman College,-73.890064,40.87341233,4,ny,subway,10468
245,245,Harlem - 148 St,-73.93647,40.82388033,3,ny,subway,10039
246,246,Mt Eden Ave,-73.91468499999998,40.84443433,4,ny,subway,10452
247,247,Fordham Rd,-73.897749,40.86129633,B-D,ny,subway,10458
248,248,170th St,-73.91779100000002,40.84007533,4,ny,subway,10452
249,249,Kingsbridge Rd,-73.893509,40.86697833,B-D,ny,subway,10458
250,250,Bedford Park Blvd,-73.88713800000002,40.87324433,B-D,ny,subway,10468
251,251,Marble Hill - 225th St,-73.90983100000003,40.87456133,1,ny,subway,10034
252,252,231st St,-73.904834,40.87885633,1,ny,subway,10463
253,253,215th St,-73.915279,40.86944433,1,ny,subway,10034
254,254,207th St,-73.918819,40.86461433,1,ny,subway,10034
255,255,Inwood - 207th St,-73.919899,40.86807233,A,ny,subway,10034
256,256,238th St,-73.90087,40.88466733,1,ny,subway,10463
257,257,Van Cortlandt Park - 242nd St,-73.898583,40.88924833,1,ny,subway,10471
258,258,West Farms Sq - E Tremont Av,-73.87996128,40.84020797,2ÔÂ5ÈÕ,ny,subway,10460
259,259,St Lawrence Ave,-73.86761800000002,40.83150933,6,ny,subway,10472
260,260,Bronx Park East,-73.86835609,40.848769,2ÔÂ5ÈÕ,ny,subway,10462
261,261,Gun Hill Rd,-73.8661341,40.87783972,2ÔÂ5ÈÕ,ny,subway,10467
262,262,219th St,-73.86250971,40.88388831,2ÔÂ5ÈÕ,ny,subway,10467
263,263,Mosholu Pkwy,-73.88465500000002,40.87975033,4,ny,subway,10467
264,264,Norwood - 205th St,-73.878855,40.87481133,D,ny,subway,10467
265,265,Burke Ave,-73.86705362,40.87125914,2ÔÂ5ÈÕ,ny,subway,10467
266,266,Baychester Ave,-73.83859100000002,40.87866333,5,ny,subway,10469
267,267,Eastchester - Dyre Ave,-73.830834,40.88830033,5,ny,subway,10466
268,268,Jamaica - 179th St,-73.783817,40.712646,F,ny,subway,11432
269,269,Wakefield - 241st St,-73.85061999999998,40.90312533,2,ny,subway,10470
270,270,Botanic Garden,-73.959245,40.670343,S,ny,subway,11225
271,271,Bushwick - Aberdeen,-73.90526176,40.68286096,L,ny,subway,11207
272,272,Wilson Ave,-73.9039586,40.68886688,L,ny,subway,11207
273,273,Broadway Junction,-73.90311758,40.67845658,L,ny,subway,11207
274,274,Gun Hill Rd,-73.846384,40.86952633,5,ny,subway,10469
275,275,E 180th St,-73.87334609,40.84186337,2ÔÂ5ÈÕ,ny,subway,10460
276,276,Dyckman St,-73.925536,40.86053133,1,ny,subway,10040
277,277,125th St,-73.958372,40.81558133,1,ny,subway,10027
278,278,Park Pl,-73.957624,40.674772,S,ny,subway,11238
279,279,Franklin Ave - Fulton St,-73.955827,40.680596,S,ny,subway,11238
280,280,Nereid Ave (238 St),-73.85431531,40.89828685,2ÔÂ5ÈÕ,ny,subway,10466
281,281,149th St - Grand Concourse,-73.92672247,40.81833048,2ÔÂ5ÈÕ,ny,subway,10451
282,282,3rd Ave - 149th St,-73.91779153,40.81602959,2ÔÂ5ÈÕ,ny,subway,10455
283,283,161st St - Yankee Stadium,-73.92569199,40.82823066,4,ny,subway,10451
284,284,167th St,-73.9214,40.83553733,4,ny,subway,10452
285,285,Brook Ave,-73.91924,40.80756633,6,ny,subway,10454
286,286,33rd St,-73.93099699999998,40.74458733,7,ny,subway,11101
287,287,40th St,-73.92401600000002,40.74378133,7,ny,subway,11104
288,288,145th St,-73.94408793,40.82476669,A-B-C-D,ny,subway,10031
289,289,155th St,-73.938209,40.83013533,B-D,ny,subway,10039
290,290,161st St - Yankee Stadium,-73.925651,40.82790533,B-D,ny,subway,10451
291,291,167th St,-73.918432,40.83376933,B-D,ny,subway,10452
292,292,Ralph Ave,-73.92078599999998,40.67882233,A-C,ny,subway,11233
293,293,Utica Ave,-73.930729,40.67936433,A-C,ny,subway,11233
294,294,36th St,-73.92901818,40.75196038,E-M-R,ny,subway,11101
295,295,Steinway St,-73.92052647,40.75698769,E-M-R,ny,subway,11103
296,296,Kosciuszko St,-73.92850899999998,40.69317233,J,ny,subway,11221
297,297,Gates Ave,-73.922156,40.68958433,J-Z,ny,subway,11221
298,298,Central Ave,-73.927243,40.69787333,M,ny,subway,11221
299,299,Knickerbocker Ave,-73.91972,40.69866033,M,ny,subway,11237
300,300,Broadway,-73.925823,40.76143233,N-Q,ny,subway,11106
301,301,30th Ave,-73.921479,40.766779,N-Q,ny,subway,11102
302,302,Jefferson St,-73.922913,40.706607,L,ny,subway,11237
303,303,Morgan Ave,-73.93314699999998,40.706152,L,ny,subway,11206
304,304,Queens Plz,-73.93713824,40.74891805,E-M-R,ny,subway,11101
305,305,18th Ave,-73.97697099999998,40.629755,F,ny,subway,11230
306,306,Ditmas Ave,-73.978172,40.636119,F,ny,subway,11218
307,307,77th St,-74.02551,40.629742,R,ny,subway,11209
308,308,Bay Ridge Ave,-74.023377,40.634967,R,ny,subway,11220
309,309,55th St,-73.99534883,40.63147909,D,ny,subway,11219
310,310,50th St,-73.99465878,40.63626122,D,ny,subway,11219
311,311,Ft Hamilton Pkwy,-74.005351,40.631386,N,ny,subway,11219
312,312,8th Ave,-74.011516,40.63497133,N,ny,subway,11220
313,313,25th Ave,-73.986829,40.597704,D,ny,subway,11214
314,314,Bay Pky,-73.9936762,40.6019508,D,ny,subway,11214
315,315,20th Ave,-73.984522,40.61710933,N,ny,subway,11204
316,316,18th Ave,-73.990454,40.62068733,N,ny,subway,11204
317,317,Bay Ridge - 95th St,-74.030876,40.616622,R,ny,subway,11209
318,318,86th St,-74.028398,40.622687,R,ny,subway,11209
319,319,79th St,-74.00058287,40.61315926,D,ny,subway,11214
320,320,71st St,-73.99884095,40.61925904,D,ny,subway,11228
321,321,20th Ave,-73.99817432,40.60467733,D,ny,subway,11214
322,322,18th Ave,-74.00159259,40.60773607,D,ny,subway,11214
323,323,62nd St,-73.99685725,40.6262248,D,ny,subway,11219
324,324,New Utrecht Ave,-73.996353,40.624842,N,ny,subway,11219
325,325,Ave U,-73.97337642,40.59592516,F,ny,subway,11223
326,326,Kings Hwy,-73.97235531,40.60325874,F,ny,subway,11223
327,327,Brighton Beach,-73.96135379,40.57771053,B-Q,ny,subway,11235
328,328,Sheepshead Bay,-73.95405791,40.58654788,B-Q,ny,subway,11235
329,329,Ave U,-73.95581122,40.59930928,B-Q,ny,subway,11229
330,330,Kings Hwy,-73.95760874,40.60863898,B-Q,ny,subway,11229
331,331,Ave U,-73.979084,40.59723633,N,ny,subway,11223
332,332,Kings Hwy,-73.980373,40.60405933,N,ny,subway,11223
333,333,Neptune Ave,-73.97459273,40.58073909,F,ny,subway,11224
334,334,Ave X,-73.974266,40.58945,F,ny,subway,11223
335,335,Bay 50th St,-73.983765,40.588841,D,ny,subway,11214
336,336,Gravesend - 86th St,-73.978189,40.59246533,N,ny,subway,11223
337,337,Ave P,-73.97300282,40.60884314,F,ny,subway,11223
338,338,Ave N,-73.97404851,40.61435705,F,ny,subway,11230
339,339,Bay Pky,-73.97525698,40.62073196,F,ny,subway,11230
340,340,Ave M,-73.9592431,40.61739808,B-Q,ny,subway,11230
341,341,Bay Pky,-73.98178001,40.61145612,N,ny,subway,11204
342,342,Ave I,-73.97606933,40.62501777,F,ny,subway,11230
343,343,Ave J,-73.96069316,40.62502315,B-Q,ny,subway,11230
344,344,Ave H,-73.96151794,40.62920871,B-Q,ny,subway,11230
345,345,Neck Rd,-73.95507827,40.59532202,B-Q,ny,subway,11229
346,346,21st St - Queensbridge,-73.94193761,40.7537396,F,ny,subway,11101
347,347,50th St,-73.985984,40.76245633,A-C-E,ny,subway,10019
348,348,7th Ave,-73.98169782,40.76297049,B-D-E,ny,subway,10019
349,349,47th-50th Sts - Rockefeller Ctr,-73.98133100000003,40.75864133,B-D-F-M,ny,subway,10036
350,350,57th St,-73.977368,40.76408533,F,ny,subway,10019
351,351,Lexington Ave - 63rd St,-73.96608964,40.76461843,F,ny,subway,10065
352,352,Roosevelt Island - Main St,-73.95323499999998,40.75917233,F,ny,subway,10044
353,353,59th St - Columbus Circle,-73.98164872,40.76824986,A-B-C-D,ny,subway,10019
354,354,49th St,-73.98420957,40.75980231,N-Q-R,ny,subway,10036
355,355,57th St,-73.98072973,40.76456586,N-Q-R,ny,subway,10019
356,356,5th Ave - 59th St,-73.973347,40.76481133,N-Q-R,ny,subway,10019
357,357,Lexington Ave - 59th St,-73.96737502,40.76270919,N-Q-R,ny,subway,10022
358,358,34th St - Penn Station,-73.991057,40.75037333,2001/2/3,ny,subway,10119
359,359,Times Sq - 42nd St,-73.987495,40.75529033,2001/2/3,ny,subway,10036
360,360,Broadway - Nassau St,-74.00762309,40.7101625,A-C,ny,subway,10038
361,361,Chambers St,-74.00858474,40.71411133,A-C,ny,subway,10007
362,362,42nd St - Port Authority Bus Term,-73.989735,40.75730833,A-C-E,ny,subway,10036
363,363,Myrtle-Willoughby Aves,-73.949067,40.69461933,G,ny,subway,11206
364,364,Flushing Ave,-73.950234,40.700377,G,ny,subway,11206
365,365,23rd St,-73.992765,40.74295465,F-M,ny,subway,10010
366,366,Herald Sq - 34th St,-73.98777189,40.74978973,B-D-F-M,ny,subway,10001
367,367,Hoyt - Schermerhorn Sts,-73.98503624,40.68840881,A-C-G,ny,subway,11201
368,368,Jay St - Borough Hall,-73.98721815,40.69247097,A-C-F,ny,subway,11201
369,369,East Broadway,-73.990177,40.71385533,F,ny,subway,10002
370,370,Delancey St,-73.98807807,40.71868108,F,ny,subway,10002
371,371,Lower East Side - 2nd Ave,-73.989938,40.723402,F,ny,subway,10002
372,372,Flushing Ave,-73.94137735,40.70040474,J-M,ny,subway,11206
373,373,Myrtle Ave,-73.93562299999998,40.69719533,J-M-Z,ny,subway,11206
374,374,4th Ave,-73.989779,40.670272,F-G,ny,subway,11215
375,375,Smith - 9th Sts,-73.99589173,40.67364139,F-G,ny,subway,07030
376,376,Bergen St,-73.99075649999997,40.68611088,F-G,ny,subway,11201
377,377,Lawrence St,-73.98605668,40.69225573,N-R,ny,subway,11201
378,378,Court St,-73.99181831,40.69419681,N-R,ny,subway,11201
379,379,Union Sq - 14th St,-73.99053886,40.7358726,N-Q-R,ny,subway,10003
380,380,23rd St,-73.98934399999997,40.741303,N-R,ny,subway,10010
381,381,Prospect Ave,-73.99287199999998,40.665414,D-N-R,ny,subway,11215
382,382,9th St,-73.988302,40.670847,D-N-R,ny,subway,11215
383,383,3rd Ave,-73.98575,40.73269133,L,ny,subway,10003
384,384,Union Sq - 14th St,-73.99066977,40.73476365,L,ny,subway,10003
385,385,Liberty Ave,-73.896548,40.67454233,A-C,ny,subway,11207
386,386,Broadway Junction,-73.905316,40.678334,A-C,ny,subway,11233
387,387,59th St,-74.017881,40.641362,N-R,ny,subway,11220
388,388,45th St,-74.010006,40.648939,N-R,ny,subway,11220
389,389,36th St,-74.00354899999998,40.655144,D-N-R,ny,subway,11232
390,390,9th Ave,-73.99444874,40.64648441,D,ny,subway,11219
391,391,53rd St,-74.014034,40.645069,N-R,ny,subway,11220
392,392,Ft Hamilton Pkwy,-73.99420224,40.64091304,D,ny,subway,11219
393,393,25th St,-73.998091,40.660397,D-N-R,ny,subway,11232
394,394,Carroll St,-73.99494698,40.68027368,F-G,ny,subway,11231
395,395,Spring St,-74.003739,40.72622733,A-C-E,ny,subway,10013
396,396,181st St,-73.937969,40.85169533,A,ny,subway,10033
397,397,190th St,-73.93418,40.85902233,A,ny,subway,10040
398,398,116th St,-73.95479778,40.80505847,A-B-C,ny,subway,10026
399,399,125th St,-73.952248,40.81107201,A-B-C-D,ny,subway,10027
400,400,Prince St,-73.997702,40.724329,N-R,ny,subway,10012
401,401,8th St - NYU,-73.992508,40.73046533,N-R,ny,subway,10003
402,402,Fulton St,-74.006571,40.70941633,2ÔÂ3ÈÕ,ny,subway,10038
403,403,Park Pl,-74.008811,40.71305133,2ÔÂ3ÈÕ,ny,subway,10007
404,404,Chambers St,-74.009266,40.71547833,2001/2/3,ny,subway,10013
405,405,Hoyt St,-73.98506379999998,40.69054452,2ÔÂ3ÈÕ,ny,subway,11201
406,406,Borough Hall,-73.989998,40.69321933,2ÔÂ3ÈÕ,ny,subway,11201
407,407,183rd St,-73.903879,40.85840733,4,ny,subway,10453
408,408,Fordham Rd,-73.901034,40.86280333,4,ny,subway,10468
409,409,World Trade Center,-74.00974461,40.71256426,E,ny,subway,10007
410,410,Canal St - Holland Tunnel,-74.005229,40.72082433,A-C-E,ny,subway,10013
411,411,155th St,-73.941514,40.83051833,A-C,ny,subway,10032
412,412,163rd St - Amsterdam Av,-73.939892,40.83601333,A-C,ny,subway,10032
413,413,Fulton St,-74.007938,40.710023,J-Z,ny,subway,10038
414,414,Chambers St,-74.00340673,40.71323412,J-Z,ny,subway,10007
415,415,Canal St,-73.99982639,40.71817421,J-Z,ny,subway,10013
416,416,City Hall,-74.00698582,40.71327266,N-R,ny,subway,10007
417,417,Canal St,-74.001826,40.71946533,N-R,ny,subway,10013
418,418,South Ferry,-74.01316896,40.70173084,1,ny,subway,10004
419,419,Bowling Green,-74.01400799999998,40.70491433,4ÔÂ5ÈÕ,ny,subway,10004
420,420,Wall St,-74.011862,40.70755733,4ÔÂ5ÈÕ,ny,subway,10006
421,421,Whitehall St,-74.01300724,40.70314271,N-R,ny,subway,10004
422,422,Rector St,-74.01297456,40.70774509,N-R,ny,subway,10006
423,423,Fresh Pond Rd,-73.895898,40.70622633,M,ny,subway,11385
424,424,Middle Village - Metropolitan Ave,-73.88957723,40.71143164,M,ny,subway,11379
425,425,Rector St,-74.01378299999998,40.70751333,1,ny,subway,10006
426,426,Cortlandt St (Temporarily Closed),-74.012188,40.71183533,1,ny,subway,10006
427,427,Fulton St,-74.009509,40.71036833,4ÔÂ5ÈÕ,ny,subway,10038
428,428,Broad St,-74.01105600000002,40.70647633,J-Z,ny,subway,10005
429,429,Cortlandt St (NB only),-74.01113196,40.71051332,N-R,ny,subway,10007
430,430,Wall St,-74.0091,40.70682133,2ÔÂ3ÈÕ,ny,subway,10005
431,431,Dyckman St,-73.92727099999998,40.86549133,A,ny,subway,10034
432,432,Grand St,-73.993753,40.71826733,B-D,ny,subway,10002
433,433,Broadway - Lafayette St,-73.996204,40.72529733,B-D-F-M,ny,subway,10012
434,434,Bowery,-73.99380691,40.72024722,J-Z,ny,subway,10002
435,435,Canal St,-74.00105471,40.7188146,N-Q,ny,subway,10013
436,436,23rd St,-73.998041,40.74590633,A-C-E,ny,subway,10011
437,437,34th St - Penn Station,-73.993391,40.75228733,A-C-E,ny,subway,10001
438,438,Jackson Hts - Roosevelt Av,-73.89129866,40.74654002,E-F-M-R,ny,subway,11373
439,439,14th St,-74.000201,40.73782633,2001/2/3,ny,subway,10118
440,440,135th St,-73.94753481,40.81790589,A-B-C,ny,subway,10030
441,441,14th St,-73.996209,40.73822833,F-M,ny,subway,10011
442,442,6th Ave,-73.99775079,40.7377418,L,ny,subway,10011
443,443,8th Ave,-74.002578,40.739777,L,ny,subway,10014
444,444,14th St,-74.00169,40.74089333,A-C-E,ny,subway,10011
445,445,Nostrand Ave,-73.95042625,40.66993848,3ÔÂ4ÈÕ,ny,subway,11225
446,446,Clark St,-73.993086,40.69746633,2ÔÂ3ÈÕ,ny,subway,11201
447,447,Franklin Ave,-73.956848,40.68138,A-C,ny,subway,11238
448,448,Clinton - Washington Aves,-73.965838,40.68326333,A-C,ny,subway,11238
449,449,Forest Ave,-73.903075,40.70441233,M,ny,subway,11385
450,450,110th St,-73.94425,40.79502033,4-6-6 Express,ny,subway,10029
451,451,86th St,-73.955589,40.77949233,4-5-6-6 Express,ny,subway,10028
452,452,York St,-73.986885,40.699743,F,ny,subway,11201
453,453,High St,-73.990531,40.69933733,A-C,ny,subway,11201
454,454,Lafayette Ave,-73.973946,40.68611333,A-C,ny,subway,11217
455,455,President St,-73.9505892,40.66788394,2ÔÂ5ÈÕ,ny,subway,11225
456,456,Woodlawn,-73.878751,40.88603733,4,ny,subway,10467
457,457,Bleecker St (Uptown),-73.994659,40.725915,4-6-6 Express,ny,subway,10012
458,458,103rd St,-73.947478,40.79060033,4-6-6 Express,ny,subway,10029
459,459,Euclid Ave,-73.872106,40.67537733,A-C-S,ny,subway,11208
460,460,88th St,-73.85146999999998,40.67984333,A-S,ny,subway,11417
461,461,Cortelyou Rd,-73.96379005,40.6409405,B-Q,ny,subway,11226
462,462,116th St,-73.94161700000002,40.79862933,4-6-6 Express,ny,subway,10035
463,463,Parkchester,-73.860816,40.83322633,6-6 Express,ny,subway,10472
464,464,Franklin St,-74.006886,40.71931833,1ÔÂ2ÈÕ,ny,subway,10013
465,465,80th St,-73.858992,40.67937133,A-S,ny,subway,11417
466,466,5th Ave - Bryant Pk,-73.98196300000002,40.75382133,7-7 Express,ny,subway,10018
467,467,Spring St,-73.997141,40.72230133,4-6-6 Express,ny,subway,10012
468,468,125th St,-73.93759399999998,40.80413833,4-5-6-6 Express,ny,subway,10035
469,469,Coney Island - Stillwell Av,-73.981236,40.57728133,D-F-N-Q,ny,subway,11224
470,0,Archives-Navy Mem'l,-77.02191667797454,38.89367300870342,"green, yellow",dc,subway,20004
471,1,Waterfront,-77.01750749635644,38.876469648771405,green,dc,subway,20024
472,2,Ronald Reagan Washington National Airport,-77.04404458879256,38.85342416222645,"blue, yellow",dc,subway,22202
473,3,Van Dorn Street,-77.12911384128537,38.799315434155886,"blue, yellow",dc,subway,22310
474,4,Franconia-Springfield,-77.16797250809294,38.766529646753376,"blue, yellow",dc,subway,22150
475,5,Federal Center SW,-77.0158705045136,38.88508013881825,"blue, orange, silver",dc,subway,20024
476,6,Judiciary Sq,-77.01664124510657,38.896098103530285,red,dc,subway,20001
477,7,Capitol South,-77.00514170415444,38.88507028499623,"blue, orange, silver",dc,subway,20003
478,8,Metro Center,-77.02808028935915,38.898322259102336,"red, blue, orange, silver",dc,subway,20005
479,9,Gallery Pl-Chinatown,-77.02191768068344,38.898324595916016,"red, green, yellow",dc,subway,20001
480,10,Mt Vernon Sq - 7th St Convention Center,-77.02191667114174,38.90644460270847,"green, yellow",dc,subway,20001
481,11,U St/African-Amer Civil War Memorial/Cardozo,-77.02749818608802,38.917010188922774,"green, yellow",dc,subway,20009
482,12,Union Station,-77.00741657791022,38.897773825784135,red,dc,subway,20002
483,13,Congress Heights,-76.9885142092577,38.845665479611405,green,dc,subway,20020
484,14,Naylor Road,-76.95626497640528,38.85130916266136,green,dc,subway,20748
485,15,Suitland,-76.93187241786343,38.843972332915115,green,dc,subway,20746
486,16,Branch Ave,-76.9114664692323,38.82645412403592,green,dc,subway,20746
487,17,Braddock Road,-77.05366986907653,38.81415143523577,"blue, yellow",dc,subway,22314
488,18,King St - Old Town,-77.06081350532298,38.8065938834019,"blue, yellow",dc,subway,22314
489,19,Eisenhower Ave,-77.07087668884785,38.800433214235646,yellow,dc,subway,22314
490,20,Huntington,-77.07520808963397,38.79392361596438,yellow,dc,subway,22303
491,21,Anacostia,-76.99537301859327,38.862970896776815,green,dc,subway,20020
492,22,Eastern Market,-76.99600340807099,38.88463004516538,"blue, orange, silver",dc,subway,20003
493,23,Potomac Ave,-76.98549759753331,38.88127105766926,"blue, orange, silver",dc,subway,20003
494,24,Stadium Armory,-76.97709117703427,38.886716875290645,"blue, orange, silver",dc,subway,20003
495,25,Rhode Island Ave,-76.99593920022218,38.92106748085971,red,dc,subway,20018
496,26,Minnesota Ave,-76.94675000054195,38.89919901218393,orange,dc,subway,20019
497,27,Van Ness-UDC,-77.06298848631829,38.943273081966794,red,dc,subway,20008
498,28,Cleveland Park,-77.05804482287209,38.934770682922014,red,dc,subway,20008
499,29,Columbia Heights,-77.03255441308822,38.92784575919684,"green, yellow",dc,subway,20009
500,30,Spring Hill,-77.24156035315211,38.928959627090734,silver,dc,subway,22182
501,31,Greensboro,-77.23388019665585,38.920963176241905,silver,dc,subway,22102
502,32,Tysons Corner,-77.22171803665012,38.92068205348095,silver,dc,subway,22102
503,33,McLean,-77.21008129320037,38.92452954998085,silver,dc,subway,22102
504,34,Wiehle-Reston East,-77.34006221639714,38.947740663167465,silver,dc,subway,20190
505,35,College Park-U of Md,-76.92812724781794,38.97864143976772,"green, yellow",dc,subway,20737
506,36,Capitol Heights,-76.91181036994723,38.88947364530335,"blue, orange, silver",dc,subway,20743
507,37,Morgan Boulevard,-76.86807701020238,38.89384271915065,"blue, orange, silver",dc,subway,20785
508,38,Georgia Ave Petworth,-77.0234631972137,38.937442424091344,"green, yellow",dc,subway,20010
509,39,Takoma,-77.01817899256454,38.97608633299319,red,dc,subway,20012
510,40,Glenmont,-77.05355966951201,39.06179158336433,red,dc,subway,12502
511,41,Wheaton,-77.05010936110754,39.03753495676457,red,dc,subway,20902
512,42,Forest Glen,-77.04291885884656,39.014962084100276,red,dc,subway,20910
513,43,Silver Spring,-77.03102012577055,38.993957179810856,red,dc,subway,20910
514,44,Brookland-CUA,-76.99453656896418,38.93321878552853,red,dc,subway,20017
515,45,Fort Totten,-77.00220536420099,38.95185456523326,"red, green,yellow",dc,subway,20011
516,46,Prince George's Plaza,-76.95588378166973,38.965393247954026,"green, yellow",dc,subway,20782
517,47,West Hyattsville,-76.96957895252643,38.955047970226076,"green, yellow",dc,subway,20782
518,48,Benning Road,-76.93836713191433,38.890983463751695,"blue, orange, silver",dc,subway,20019
519,49,Addison Road Seat Pleasant,-76.8941101597531,38.886755605372144,"blue, orange, silver",dc,subway,20743
520,50,Deanwood,-76.93525904691916,38.90818628785245,orange,dc,subway,20019
521,51,New Carrollton,-76.87184353307566,38.94779265751225,orange,dc,subway,20785
522,52,Landover,-76.89120021929206,38.93351403253494,orange,dc,subway,17241
523,53,Cheverly,-76.91663030263364,38.91663964839272,orange,dc,subway,20785
524,54,Largo Town Center,-76.8445538694509,38.9006075131534,"blue, orange, silver",dc,subway,20774
525,55,NoMa - Gallaudet U,-77.0030227321829,38.90702400072893,red,dc,subway,20002
526,56,Rosslyn,-77.0709109907557,38.89598688010293,"blue, orange, silver",dc,subway,22209
527,57,Arlington|Cemetery,-77.06281243129976,38.88469464036808,blue,dc,subway,22209
528,58,Dupont Circle,-77.04341665737043,38.90960584516368,red,dc,subway,20036
529,59,Pentagon,-77.05371797183082,38.86947048037182,"blue, yellow",dc,subway,22202
530,60,Crystal City,-77.05029210633606,38.857912097346784,"blue, yellow",dc,subway,22202
531,61,Navy Yard - Ballpark,-77.00508793505661,38.876488867248575,green,dc,subway,20003
532,62,McPherson Sq,-77.03363646621801,38.90134058317789,"blue, orange, silver",dc,subway,20533
533,63,Shaw-Howard Univ,-77.02191399197021,38.91348466034081,"green, yellow",dc,subway,20001
534,64,Southern Ave,-76.97505641105552,38.84109355664223,green,dc,subway,20745
535,65,Greenbelt,-76.91105983575083,39.01115367349645,"green, yellow",dc,subway,20740
536,66,Tenleytown-AU,-77.07958963684406,38.94885922929322,red,dc,subway,20016
537,67,West Falls Church VT/UVA,-77.18909716504284,38.90078833139762,orange,dc,subway,22043
538,68,Dunn Loring Merrifield,-77.22716302534762,38.883632911435264,orange,dc,subway,22180
539,69,Vienna Fairfax-GMU,-77.27262462392702,38.87760889641625,orange,dc,subway,22031
540,70,Friendship Heights,-77.08499811868798,38.95949166976218,red,dc,subway,20015
541,71,Shady Grove,-77.16462968274641,39.11993515030295,red,dc,subway,15903
542,72,Rockville,-77.14612767967738,39.0843294264356,red,dc,subway,20850
543,73,Twinbrook,-77.12082028292295,39.0624754671456,red,dc,subway,20852
544,74,White Flint,-77.1128321868167,39.048159170195724,red,dc,subway,20852
545,75,Grosvenor-Strathmore,-77.10385204383037,39.02927675944003,red,dc,subway,20852
546,76,Medical Center,-77.09695461041139,39.00006428814779,red,dc,subway,20892
547,77,Bethesda,-77.0941315102505,38.984401461151435,red,dc,subway,20814
548,78,Foggy Bottom GWU,-77.05028003829726,38.90070579476853,"blue, orange, silver",dc,subway,20037
549,79,Court House,-77.08713354111731,38.89018331326233,"orange, silver",dc,subway,22201
550,80,Clarendon,-77.09539641078115,38.88671262010997,"orange, silver",dc,subway,22201
551,81,East Falls Church,-77.15688535150522,38.885960944956494,"orange, silver",dc,subway,22205
552,82,Virginia Square-GMU,-77.10297960879213,38.883373931882154,"orange, silver",dc,subway,22201
553,83,Ballston-MU,-77.11317115273619,38.88219065327,"orange, silver",dc,subway,22203
554,84,Farragut West,-77.04069771144523,38.901320680202886,"blue, orange, silver",dc,subway,20006
555,85,Farragut North,-77.0397031233431,38.90320973270947,red,dc,subway,20036
556,86,Woodley Park-Zoo Adams Morgan,-77.05242032219323,38.92509292747747,red,dc,subway,20008
557,87,L'Enfant Plaza,-77.02191077353015,38.88484551131301,"grn, yllw, orange, blue, slvr",dc,subway,20410
558,88,Smithsonian,-77.02806852583221,38.88802648586458,"blue, orange, silver",dc,subway,20560
559,89,Pentagon City,-77.05954122129354,38.86189016412124,"blue, yellow",dc,subway,22202
560,90,Federal Triangle,-77.02813429028714,38.89318865670649,"blue, orange, silver",dc,subway,20004
561,0,Broadway,-71.05717062910358,42.342590356228015,RED,bos,subway,02127
562,1,Andrew,-71.05697813420214,42.3301218927942,RED,bos,subway,02127
563,2,Savin Hill,-71.05364064743894,42.31075648878088,RED,bos,subway,02125
564,3,Fields Corner,-71.06192451103766,42.300010284220015,RED,bos,subway,02122
565,4,Shawmut,-71.06582947713594,42.293116109911374,RED,bos,subway,02124
566,5,Cedar Grove,-71.0603179483418,42.2795482246412,RED,bos,subway,02124
567,6,Butler,-71.06247055689242,42.27242503296559,RED,bos,subway,02124
568,7,Milton,-71.06724249129003,42.27033576499952,RED,bos,subway,02186
569,8,Central Avenue,-71.0736097289935,42.26999382894722,RED,bos,subway,02186
570,9,Valley Road,-71.08150424406331,42.26833454285876,RED,bos,subway,02186
571,10,Mattapan,-71.09251295997146,42.2675205345264,RED,bos,subway,02126
572,11,North Quincy,-71.03044321640826,42.275985038344686,RED,bos,subway,02171
573,12,Wollaston,-71.02054341047115,42.26671842851483,RED,bos,subway,02170
574,13,Quincy Center,-71.00564111025749,42.252095680619576,RED,bos,subway,02169
575,14,Quincy Adams,-71.0069418693338,42.233302340639575,RED,bos,subway,02169
576,15,Braintree,-71.0017031061511,42.20754590334163,RED,bos,subway,02184
577,16,Forest Hills,-71.11419203463667,42.300779901859954,ORANGE,bos,subway,02130
578,17,Green Street,-71.108059998827,42.309907406231886,ORANGE,bos,subway,02130
579,18,Stony Brook,-71.10444187111182,42.31710846373665,ORANGE,bos,subway,02130
580,19,Jackson Square,-71.09993307793019,42.32318028634037,ORANGE,bos,subway,02130
581,20,Ruggles,-71.08951017362232,42.33667481922248,ORANGE,bos,subway,02120
582,21,Massachusetts Ave,-71.08415124783815,42.341015055240725,ORANGE,bos,subway,02119
583,22,Back Bay,-71.07510663658297,42.34756776597585,ORANGE,bos,subway,02116
584,23,Prudential,-71.08119968919694,42.34577678105595,GREEN,bos,subway,02199
585,24,Symphony,-71.08494120728014,42.342729006866044,GREEN,bos,subway,02115
586,25,Northeastern,-71.08965265475085,42.340059301291454,GREEN,bos,subway,02115
587,26,Museum Of Fine Arts,-71.09497665266512,42.337933807013975,GREEN,bos,subway,02115
588,27,Longwood Medical Area,-71.09956160195966,42.33614967625578,GREEN,bos,subway,02115
589,28,Brigham Circle,-71.1037247911719,42.334579716867054,GREEN,bos,subway,02120
590,29,Eastern Avenue,-71.0239343737194,42.38846677963592,SILVER,bos,subway,02150
591,30,Box District,-71.02846656197997,42.39412538678907,SILVER,bos,subway,02150
592,31,Bellingham Square,-71.03346762858614,42.395411069044016,SILVER,bos,subway,02150
593,32,Chelsea,-71.0403935634759,42.396810849237035,SILVER,bos,subway,02150
594,33,Airport,-71.02980691082011,42.37416125425917,SILVER,bos,subway,02128
595,34,Fenwood Road,-71.1056462758901,42.33375407357991,GREEN,bos,subway,02115
596,35,Mission Park,-71.10958556888848,42.333188075534416,GREEN,bos,subway,02120
597,36,Riverway,-71.11195127302692,42.33198667444365,GREEN,bos,subway,02115
598,37,Back Of The Hill,-71.11107101387361,42.32964691679285,GREEN,bos,subway,02130
599,38,Heath Street,-71.11028162342927,42.32831995038453,GREEN,bos,subway,02130
600,39,Dudley Square,-71.08371991082386,42.32971266010527,SILVER,bos,subway,02119
601,40,South Station Essex St.,-71.05612760343939,42.35190725924358,SILVER,bos,subway,02111
602,41,306 Northern Avenue,-71.03635446824251,42.347609320177185,SILVER,bos,subway,02210
603,42,Melnea Cass Blvd,-71.08080249773924,42.33311403290109,SILVER,bos,subway,02118
604,43,Lenox Street,-71.07906097706652,42.33493789689973,SILVER,bos,subway,02118
605,44,Massachusetts Ave,-71.07730527243201,42.33633302331985,SILVER,bos,subway,02118
606,45,Worcester Square,-71.07587775926218,42.33737971538432,SILVER,bos,subway,02118
607,46,Newton Street,-71.07388389361502,42.33876842404453,SILVER,bos,subway,02118
608,47,Union Park Street,-71.06961240537045,42.34137877661081,SILVER,bos,subway,02118
609,48,E.Berkeley Street,-71.06579545860721,42.34414260033666,SILVER,bos,subway,02118
610,49,Herald Street,-71.06472021370993,42.34642036362665,SILVER,bos,subway,02118
611,50,Tuffs Medical Center,-71.06380764726983,42.349648634436434,SILVER,bos,subway,02116
612,51,Black Falcon corner stop,-71.02714802080858,42.344458496671905,SILVER,bos,subway,02210
613,52,Assembly,-71.07712593675369,42.392164591568594,ORANGE,bos,subway,02145
614,53,Hynes Convention Center,-71.08731515644969,42.347990955452545,GREEN,bos,subway,02115
615,54,Blandford Street,-71.10005619028776,42.34920674686215,GREEN,bos,subway,02215
616,55,Boston University East,-71.10442854450385,42.349729812333415,GREEN,bos,subway,02215
617,56,Boston University Central,-71.10703672616485,42.35004942678789,GREEN,bos,subway,02446
618,57,Boston University West,-71.11350701519399,42.35083035218461,GREEN,bos,subway,02215
619,58,Saint Paul Street,-71.1163445945008,42.35117167075823,GREEN,bos,subway,02446
620,59,Pleasant Street,-71.11906076499635,42.35149831640104,GREEN,bos,subway,02215
621,60,Babcock Street,-71.12171580037234,42.3518175444944,GREEN,bos,subway,02215
622,61,Packards Corner,-71.12522644177473,42.35179448336967,GREEN,bos,subway,02215
623,62,Harvard Avenue,-71.13100787467009,42.350420443658926,GREEN,bos,subway,02134
624,63,Griggs Street,-71.13436524165054,42.34882818147249,GREEN,bos,subway,02134
625,64,Allston Street,-71.13763741670563,42.34858476357866,GREEN,bos,subway,02135
626,65,Warren Street,-71.14024101152651,42.34863231872244,GREEN,bos,subway,02135
627,66,Washington Street,-71.14254946817576,42.344131957629656,GREEN,bos,subway,02135
628,67,Sutherland Road,-71.14633052036373,42.34157016489599,GREEN,bos,subway,02135
629,68,Chiswick Road,-71.15095193521806,42.340626749899,GREEN,bos,subway,02135
630,69,Chestnut Hill Avenue,-71.15265591721733,42.33858643550633,GREEN,bos,subway,02135
631,70,South Street,-71.15726227728706,42.339462705223454,GREEN,bos,subway,02135
632,71,Boston College,-71.16702558904632,42.340164104508574,GREEN,bos,subway,02467
633,72,Cleveland Circle,-71.14928724984594,42.33614538050421,GREEN,bos,subway,02135
634,73,Englewood Avenue,-71.14549901037496,42.33699347019704,GREEN,bos,subway,02445
635,74,Dean Road,-71.1419559588863,42.33772300157784,GREEN,bos,subway,02445
636,75,Tappan Street,-71.13844199982424,42.33852748585709,GREEN,bos,subway,02446
637,76,Washington Square,-71.13536769173513,42.33933608311149,GREEN,bos,subway,02446
638,77,Fairbanks Street,-71.13129764629144,42.33964892293348,GREEN,bos,subway,02446
639,78,Brandon Hall,-71.12865781325249,42.340062305331614,GREEN,bos,subway,02446
640,79,Summit Ave/Winchester St,-71.1257884818245,42.34103703304996,GREEN,bos,subway,02446
641,80,Coolidge Corner,-71.1212960474162,42.342158653840784,GREEN,bos,subway,02446
642,81,Saint Paul Street,-71.11718969483695,42.34321909336344,GREEN,bos,subway,02446
643,82,Kent Street,-71.11429189535103,42.344018790273054,GREEN,bos,subway,02446
644,83,Hawes Street,-71.11117540881209,42.34486858502126,GREEN,bos,subway,02446
645,84,Saint Marys Street,-71.10724016993433,42.34599604089075,GREEN,bos,subway,02446
646,85,Fenway Park,-71.10460503268591,42.34516730577197,GREEN,bos,subway,02215
647,86,Longwood,-71.10993517582811,42.341677784581435,GREEN,bos,subway,02446
648,87,Brookline Village,-71.11682854378292,42.33260333034964,GREEN,bos,subway,02445
649,88,Brookline Hills,-71.12672801471909,42.33130325629287,GREEN,bos,subway,02445
650,89,Beaconsfield,-71.14025988848046,42.3357008511196,GREEN,bos,subway,02445
651,90,Reservoir,-71.14837963673858,42.33514857480863,GREEN,bos,subway,02445
652,91,Chestnut Hill,-71.16460935751657,42.32675044549213,GREEN,bos,subway,02467
653,92,Newton Centre,-71.19237044039325,42.32942415065365,GREEN,bos,subway,02459
654,93,Newton Highlands,-71.20550249483567,42.3223627425332,GREEN,bos,subway,02461
655,94,Eliot,-71.21658868676944,42.318986827755865,GREEN,bos,subway,02461
656,95,Woodland,-71.24326854662964,42.33284148623552,GREEN,bos,subway,02466
657,96,Riverside,-71.25255499260233,42.33740707084284,GREEN,bos,subway,02466
658,97,Downtown Crossing,-71.06051268625639,42.355442650186475,ORANGE/RED,bos,subway,02108
659,98,Park Street,-71.06231042682474,42.35621194090146,GREEN/RED,bos,subway,02108
660,99,JFK/UMass,-71.05236135316635,42.32064517578291,RED,bos,subway,02127
661,100,State,-71.05781964446173,42.35880801635166,BLUE/ORANGE,bos,subway,02129
662,101,Roxbury Crossing,-71.09600561980427,42.33087631214971,ORANGE,bos,subway,02120
663,102,Airport Terminal B2,-71.01836829097698,42.36308388609741,SILVER,bos,subway,02128
664,103,"Dry Dock Ave at Design Ctr Pl, layover",-71.03463795204249,42.34465586590088,SILVER,bos,subway,02210
665,104,Lenox Street,-71.0785428626513,42.33517532756628,SILVER,bos,subway,02118
666,105,Massachusetts Ave,-71.07720035364633,42.336258336165606,SILVER,bos,subway,02118
667,106,Newton Street,-71.07375785258374,42.33869952195912,SILVER,bos,subway,02118
668,107,Union Park Street,-71.06921659933246,42.34144347394597,SILVER,bos,subway,02118
669,108,E.Berkeley Street,-71.06592696136562,42.3441841574364,SILVER,bos,subway,02118
670,109,Herald Street,-71.06460810518519,42.34640466761771,SILVER,bos,subway,02118
671,110,Worcester Square,-71.07539950287423,42.33756370334736,SILVER,bos,subway,02118
672,111,Melnea Cass Blvd,-71.08119941023128,42.33271034163627,SILVER,bos,subway,02119
673,112,Tuffs Medical Center,-71.06369264291583,42.3496193014868,SILVER,bos,subway,02111
674,113,Northern Avenue at Tide Street,-71.03178241360254,42.34511217004113,SILVER,bos,subway,02210
675,114,Northern Avenue at Harbor Street,-71.03511485514859,42.34659711074032,SILVER,bos,subway,02210
676,115,Airport Terminal B1,-71.01854411362946,42.36134832206503,SILVER,bos,subway,02128
677,116,Airport Terminal A,-71.02115451171416,42.36473423651001,SILVER,bos,subway,02128
678,117,Airport Terminal C,-71.01783301390306,42.36724497246468,SILVER,bos,subway,02128
679,118,Airport Terminal E,-71.02102990293055,42.36964671632133,SILVER,bos,subway,02128
680,119,Silver Line Way,-71.03803773397478,42.34697855978745,SILVER,bos,subway,02210
681,120,World Trade Center,-71.0426300645852,42.34835018686052,SILVER,bos,subway,02210
682,121,Court House,-71.04688921826244,42.35239360970832,SILVER,bos,subway,02210
683,122,South Station,-71.05527717172252,42.35262498148672,SILVER,bos,subway,02210
684,123,88 Black Falcon,-71.0263263147973,42.34367032591957,SILVER,bos,subway,02210
685,124,21 Dry Dock Avenue,-71.03088846686856,42.344745837050695,SILVER,bos,subway,02210
686,125,25 Dry Dock Avenue,-71.02897929920624,42.344773166804906,SILVER,bos,subway,02210
687,126,Black Falcon at Design Center,-71.03430568406185,42.34389238938709,SILVER,bos,subway,02210
688,127,Boylston,-71.06419943404437,42.353379373757036,SILVER,bos,subway,02108
689,128,Downtown Crossing,-71.06116335141837,42.354816734618986,SILVER,bos,subway,02111
690,129,Chinatown,-71.06256875990557,42.35242393738728,SILVER,bos,subway,02111
691,130,Ashmont,-71.06343073220243,42.28389220497207,RED,bos,subway,02124
692,131,Harvard,-71.11890668363166,42.374037904802265,RED,bos,subway,02138
693,132,Kendall/MIT,-71.08619209383401,42.362424017841725,RED,bos,subway,02142
694,133,Capen Street,-71.0872054185673,42.26756171150624,RED,bos,subway,02186
695,134,Tufts Medical Center,-71.06428214264112,42.349088678197376,ORANGE,bos,subway,02111
696,135,Waban,-71.230694064608,42.325886377734115,GREEN,bos,subway,02468
697,136,Kenmore,-71.09554536893049,42.34900553593744,GREEN,bos,subway,02215
698,137,Arlington,-71.07099016610853,42.351777118588096,GREEN,bos,subway,02116
699,138,Copley,-71.07797605026248,42.34991626707145,GREEN,bos,subway,02116
700,139,Boylston,-71.06460273290416,42.35302998723493,GREEN,bos,subway,02108
701,140,Chinatown,-71.06258113121265,42.352482806341456,ORANGE,bos,subway,02111
702,141,Haymarket,-71.05785224734123,42.362481193973,GREEN/ORANGE,bos,subway,02108
703,142,North Station,-71.05998352664204,42.365152436360006,GREEN/ORANGE,bos,subway,02114
704,143,Davis,-71.12223463253224,42.396760534551674,RED,bos,subway,02144
705,144,South Station,-71.05517222955915,42.352601654444925,RED,bos,subway,02210
706,145,Oak Grove,-71.0708269277016,42.43751328474863,ORANGE,bos,subway,02148
707,146,Malden Center,-71.07431581617234,42.426589666708345,ORANGE,bos,subway,02148
708,147,Wellington,-71.07711803842942,42.401748733535825,ORANGE,bos,subway,02155
709,148,Sullivan Square,-71.07693217125404,42.384306095508364,ORANGE,bos,subway,02129
710,149,Community College,-71.0703388119913,42.37391680835496,ORANGE,bos,subway,02129
711,150,Lechmere,-71.07715830476525,42.370926547769216,GREEN,bos,subway,02141
712,151,Science Park,-71.06774458141338,42.366751108120496,GREEN,bos,subway,02114
713,152,Bowdoin,-71.061837663988,42.361169421611365,BLUE,bos,subway,02114
714,153,Government Center,-71.05945925909694,42.35930527101309,BLUE/GREEN,bos,subway,02108
715,154,Aquarium,-71.05193902255355,42.35952563523283,BLUE,bos,subway,02109
716,155,Maverick,-71.03958034922404,42.369001656356566,BLUE,bos,subway,02128
717,156,Airport,-71.03022508787173,42.3743713792669,BLUE,bos,subway,02128
718,157,Wood Island,-71.02291286738868,42.37965611391583,BLUE,bos,subway,02128
719,158,Orient Heights,-71.00479697119162,42.38685032375217,BLUE,bos,subway,02128
720,159,Suffolk Downs,-70.99715029756855,42.39050514491175,BLUE,bos,subway,02128
721,160,Beachmont,-70.9925328217861,42.39726032835984,BLUE,bos,subway,02151
722,161,Revere Beach,-70.99250405877883,42.40785108926864,BLUE,bos,subway,02151
723,162,Wonderland,-70.99166508603659,42.4134421715248,BLUE,bos,subway,02151
724,163,Alewife,-71.14207793213814,42.39612970531508,RED,bos,subway,02140
725,164,Porter,-71.11911483083928,42.388329156473226,RED,bos,subway,02140
726,165,Central,-71.10382578532997,42.36544861166036,RED,bos,subway,02139
727,166,Charles/MGH,-71.07108120232644,42.361176295249294,RED,bos,subway,02114
